anamaria2002@gmail.com,alexandra2002@gmail.com
alexandra2002@gmail.com,anamaria2002@gmail.com
anamaria2002@gmail.com,mihai1200@yahoo.com
mihai1200@yahoo.com,anamaria2002@gmail.com
alexandra2002@gmail.com,daniel2076@yahoo.com
daniel2076@yahoo.com,alexandra2002@gmail.com
daniel2076@yahoo.com,sorinpopescu@gmail.com
sorinpopescu@gmail.com,daniel2076@yahoo.com
victoria23@gmail.com,iustintomescu45@yahoo.com
iustintomescu45@yahoo.com,victoria23@gmail.com
victoria23@gmail.com,anapop@gmail.com
anapop@gmail.com,victoria23@gmail.com
anapop@gmail.com,iustintomescu45@yahoo.com
iustintomescu45@yahoo.com,anapop@gmail.com
stancugeorge15@gmail.com,mihaiandrei@gmail.com
mihaiandrei@gmail.com,stancugeorge15@gmail.com
stancugeorge15@gmail.com,iustintomescu45@yahoo.com
iustintomescu45@yahoo.com,stancugeorge15@gmail.com
mihaiandrei@gmail.com,monicaalexandra19@gmail.com
monicaalexandra19@gmail.com,mihaiandrei@gmail.com
robertnegru@gmail.com,roberta23432@yahoo.com
roberta23432@yahoo.com,robertnegru@gmail.com
robertnegru@gmail.com,anamaria123@yahoo.com
anamaria123@yahoo.com,robertnegru@gmail.com
anamaria123@yahoo.com,roberta23432@yahoo.com
roberta23432@yahoo.com,anamaria123@yahoo.com
mihai1200@yahoo.com,anamaria123@yahoo.com
anamaria123@yahoo.com,mihai1200@yahoo.com
alaxandra2354@yahoo.com,mihai1200@yahoo.com
mihai1200@yahoo.com,alaxandra2354@yahoo.com
