Ana,18,anamaria2002@gmail.com,anam23452
Alexandra,21,alexandra2002@gmail.com,ale1234
Victoria,20,victoria23@gmail.com,vichy1323
Iustin,24,iustintomescu45@yahoo.com,iust688
Ana,20,anapop@gmail.com,anne23
George,22,stancugeorge15@gmail.com,george1243
Daniel,17,daniel2076@yahoo.com,dani2323
Sorin,16,sorinpopescu@gmail.com,sp23434
Mihai,22,mihaiandrei@gmail.com,mih3352
Monica,19,monicaalexandra19@gmail.com,moni76687
Robert,15,robertnegru@gmail.com,robertn423
Roberta,18,roberta23432@yahoo.com,robi2345
Ana Maria,15,anamaria123@yahoo.com,ana123ana
Mihai,16,mihai1200@yahoo.com,mih1242
Alexandra,24,alaxandra2354@yahoo.com,aleex2452
